<?xml version="1.0"?>
<config xmlns:xsi="http://www.w3.org/2001/XMLSchema-instance"
        xsi:noNamespaceSchemaLocation="urn:magento:module:Magento_Config:etc/system_file.xsd">
    <system>
        <section id="payment">
            <group id="mandala_gateway" translate="label" type="text" sortOrder="999" showInDefault="1" showInWebsite="1" showInStore="1">
                <label>Mandala Gateway</label>
                <field id="active" translate="label" type="select" sortOrder="10" showInDefault="1" showInWebsite="1" showInStore="1">
                    <label>Abilita</label>
                    <source_model>Magento\Config\Model\Config\Source\Yesno</source_model>
                </field>
                <field id="title" translate="label" type="text" sortOrder="20" showInDefault="1" showInWebsite="1" showInStore="1">
                    <label>Titolo metodo pagamento</label>
                    <config_path>payment/mandala_gateway/title</config_path>
                </field>
                <field id="mandala_api_key" translate="label" type="obscure" sortOrder="30" showInDefault="1" showInWebsite="1" showInStore="0">
                    <label>Mandala Secret Key (sk_*)</label>
                    <config_path>payment/mandala_gateway/api_key</config_path>
                </field>
                <field id="mandala_api_base" translate="label" type="text" sortOrder="40" showInDefault="1" showInWebsite="1" showInStore="0">
                    <label>Mandala API Base URL</label>
                    <config_path>payment/mandala_gateway/api_base</config_path>
                    <comment>Default: https://api.mandala-gateway.com</comment>
                </field>
                <field id="mandala_webhook_secret" translate="label" type="obscure" sortOrder="50" showInDefault="1" showInWebsite="1" showInStore="0">
                    <label>Webhook signing secret</label>
                    <config_path>payment/mandala_gateway/webhook_secret</config_path>
                </field>
                <field id="mandala_debug" translate="label" type="select" sortOrder="60" showInDefault="1" showInWebsite="1" showInStore="0">
                    <label>Debug log</label>
                    <source_model>Magento\Config\Model\Config\Source\Yesno</source_model>
                    <config_path>payment/mandala_gateway/debug</config_path>
                </field>
            </group>
        </section>
    </system>
</config>
